{
    "2311.14465_A2.T2.22.22": 1,
    "2311.14465_A3.T3.22.22": 1,
    "2311.14465_S5.T1.1.1": 1,
    "2312.07250_S4.T1.3": 0,
    "2312.07250_S4.T2.1": 0,
    "2312.07250_S5.T3.1": 0,
    "2312.14488_S4.T1.5.1": 2,
    "2312.14488_S4.T2.5.1": 2,
    "2312.14488_S4.T3.5.1": 2,
    "2312.14488_S4.T4.2": 2,
    "2402.10940_S3.T1.1": 1,
    "2402.10940_S3.T2.1": 1,
    "2402.10940_S4.T3.1": 1,
    "2402.10940_S4.T4.1": 1,
    "2403.04178_S3.T1.2": 0,
    "2403.04178_S4.T2.2": 1,
    "2403.04178_S4.T3.2": 1,
    "2407.06990_S4.T1.9.9": 0,
    "2407.06990_S4.T2.65.65.65": 0,
    "2407.06990_S5.T3.36.36.36": 0,
    "2408.11853_S3.T1.1": 0,
    "2408.11853_S3.T2.1": 0,
    "2408.11853_S3.T3.47": 0,
    "2408.11853_S3.T4.1": 3,
    "2409.00071_A1.T2.1": 1,
    "2409.00071_A1.T3.1": 1,
    "2409.00071_A2.T4.1": 1,
    "2409.00071_S5.T1.1": 1,
    "2409.13523_S5.T1.2": 0,
    "2409.13523_S5.T2.2": 0,
    "2409.13523_S5.T3.1": 0,
    "2409.15051_S3.T1.50": 1,
    "2409.15051_S3.T2.6": 1,
    "2409.15051_S3.T3.19": 1,
    "2409.15051_S4.T4.60": 1,
    "2409.15051_S4.T5.15": 1,
    "2409.17939_S3.T1.1": 1,
    "2409.17939_S4.T2.1": 1,
    "2409.17939_S5.T3.1": 1,
    "2409.19523_A1.T3.1": 0,
    "2409.19523_S4.T1.1.1": 0,
    "2409.19523_S4.T2.1.1": 2,
    "2410.05183_A2.T4.20": 0,
    "2410.05183_A2.T5.15": 0,
    "2410.05183_A6.T11.54": 0,
    "2410.05183_A6.T12.60": 0,
    "2410.05183_S5.T3.39.39": 0,
    "2410.06338_S3.T1.16.16": 2,
    "2410.06338_S4.T2.42.42": 0,
    "2410.06338_S4.T3.66.66": 0,
    "2410.06338_S4.T4.11.11": 2,
    "2410.07830_S4.T1.8.8": 0,
    "2410.07830_S4.T2.4": 2,
    "2410.07830_S4.T3.8.8": 2
}